[
  {
    "inputs": [
      { "internalType": "address", "name": "_btx", "type": "address" },
      { "internalType": "address", "name": "_usdt", "type": "address" },
      { "internalType": "uint256", "name": "_fixedPrice", "type": "uint256" },
      { "internalType": "uint8", "name": "_priceDecimals", "type": "uint8" }
    ],
    "stateMutability": "nonpayable",
    "type": "constructor"
  },
  {
    "anonymous": false,
    "inputs": [
      {
        "indexed": false,
        "internalType": "uint256",
        "name": "leaseId",
        "type": "uint256"
      },
      {
        "indexed": false,
        "internalType": "address",
        "name": "user",
        "type": "address"
      },
      {
        "indexed": false,
        "internalType": "uint256",
        "name": "amount",
        "type": "uint256"
      }
    ],
    "name": "BTXReleased",
    "type": "event"
  },
  {
    "anonymous": false,
    "inputs": [
      {
        "indexed": false,
        "internalType": "uint256",
        "name": "leaseId",
        "type": "uint256"
      },
      {
        "indexed": false,
        "internalType": "address",
        "name": "user",
        "type": "address"
      },
      {
        "indexed": false,
        "internalType": "uint256",
        "name": "amountBTX",
        "type": "uint256"
      },
      {
        "indexed": false,
        "internalType": "uint256",
        "name": "usdtAmount",
        "type": "uint256"
      },
      {
        "indexed": false,
        "internalType": "uint8",
        "name": "planId",
        "type": "uint8"
      },
      {
        "indexed": false,
        "internalType": "uint256",
        "name": "startAt",
        "type": "uint256"
      },
      {
        "indexed": false,
        "internalType": "uint256",
        "name": "endAt",
        "type": "uint256"
      }
    ],
    "name": "LeaseStarted",
    "type": "event"
  },
  {
    "anonymous": false,
    "inputs": [
      {
        "indexed": true,
        "internalType": "address",
        "name": "oldOwner",
        "type": "address"
      },
      {
        "indexed": true,
        "internalType": "address",
        "name": "newOwner",
        "type": "address"
      }
    ],
    "name": "OwnershipTransferred",
    "type": "event"
  },
  {
    "anonymous": false,
    "inputs": [
      {
        "indexed": false,
        "internalType": "uint8",
        "name": "id",
        "type": "uint8"
      },
      {
        "indexed": false,
        "internalType": "uint256",
        "name": "durationSeconds",
        "type": "uint256"
      },
      {
        "indexed": false,
        "internalType": "uint256",
        "name": "interestBP",
        "type": "uint256"
      }
    ],
    "name": "PlanSet",
    "type": "event"
  },
  {
    "anonymous": false,
    "inputs": [
      {
        "indexed": false,
        "internalType": "uint256",
        "name": "leaseId",
        "type": "uint256"
      },
      {
        "indexed": false,
        "internalType": "address",
        "name": "user",
        "type": "address"
      },
      {
        "indexed": false,
        "internalType": "uint256",
        "name": "amount",
        "type": "uint256"
      }
    ],
    "name": "USDTReturned",
    "type": "event"
  },
  {
    "inputs": [],
    "name": "btx",
    "outputs": [
      { "internalType": "contract IERC20", "name": "", "type": "address" }
    ],
    "stateMutability": "view",
    "type": "function"
  },
  {
    "inputs": [
      { "internalType": "uint256", "name": "amountBTX", "type": "uint256" }
    ],
    "name": "btxToUSDT",
    "outputs": [{ "internalType": "uint256", "name": "", "type": "uint256" }],
    "stateMutability": "view",
    "type": "function"
  },
  {
    "inputs": [
      { "internalType": "uint256", "name": "amountBTX", "type": "uint256" },
      { "internalType": "uint256", "name": "interestBP", "type": "uint256" }
    ],
    "name": "calculateReturnBTX",
    "outputs": [{ "internalType": "uint256", "name": "", "type": "uint256" }],
    "stateMutability": "pure",
    "type": "function"
  },
  {
    "inputs": [],
    "name": "fixedPrice",
    "outputs": [{ "internalType": "uint256", "name": "", "type": "uint256" }],
    "stateMutability": "view",
    "type": "function"
  },
  {
    "inputs": [
      { "internalType": "uint256", "name": "leaseId", "type": "uint256" }
    ],
    "name": "getLease",
    "outputs": [
      {
        "components": [
          { "internalType": "address", "name": "user", "type": "address" },
          { "internalType": "uint256", "name": "amountBTX", "type": "uint256" },
          {
            "internalType": "uint256",
            "name": "amountUSDT",
            "type": "uint256"
          },
          { "internalType": "uint256", "name": "startAt", "type": "uint256" },
          { "internalType": "uint256", "name": "endAt", "type": "uint256" },
          { "internalType": "uint8", "name": "planId", "type": "uint8" },
          { "internalType": "bool", "name": "returned", "type": "bool" }
        ],
        "internalType": "struct BytrixLease.Lease",
        "name": "",
        "type": "tuple"
      }
    ],
    "stateMutability": "view",
    "type": "function"
  },
  {
    "inputs": [{ "internalType": "uint8", "name": "planId", "type": "uint8" }],
    "name": "getPlan",
    "outputs": [
      {
        "components": [
          {
            "internalType": "uint256",
            "name": "durationSeconds",
            "type": "uint256"
          },
          {
            "internalType": "uint256",
            "name": "interestBP",
            "type": "uint256"
          },
          { "internalType": "bool", "name": "exists", "type": "bool" }
        ],
        "internalType": "struct BytrixLease.Plan",
        "name": "",
        "type": "tuple"
      }
    ],
    "stateMutability": "view",
    "type": "function"
  },
  {
    "inputs": [
      { "internalType": "address", "name": "user", "type": "address" }
    ],
    "name": "getUserActiveLeases",
    "outputs": [
      { "internalType": "uint256[]", "name": "", "type": "uint256[]" }
    ],
    "stateMutability": "view",
    "type": "function"
  },
  {
    "inputs": [{ "internalType": "uint256", "name": "", "type": "uint256" }],
    "name": "leases",
    "outputs": [
      { "internalType": "address", "name": "user", "type": "address" },
      { "internalType": "uint256", "name": "amountBTX", "type": "uint256" },
      { "internalType": "uint256", "name": "amountUSDT", "type": "uint256" },
      { "internalType": "uint256", "name": "startAt", "type": "uint256" },
      { "internalType": "uint256", "name": "endAt", "type": "uint256" },
      { "internalType": "uint8", "name": "planId", "type": "uint8" },
      { "internalType": "bool", "name": "returned", "type": "bool" }
    ],
    "stateMutability": "view",
    "type": "function"
  },
  {
    "inputs": [],
    "name": "nextLeaseId",
    "outputs": [{ "internalType": "uint256", "name": "", "type": "uint256" }],
    "stateMutability": "view",
    "type": "function"
  },
  {
    "inputs": [],
    "name": "owner",
    "outputs": [{ "internalType": "address", "name": "", "type": "address" }],
    "stateMutability": "view",
    "type": "function"
  },
  {
    "inputs": [
      { "internalType": "address", "name": "token", "type": "address" },
      { "internalType": "uint256", "name": "amount", "type": "uint256" },
      { "internalType": "address", "name": "to", "type": "address" }
    ],
    "name": "ownerWithdraw",
    "outputs": [],
    "stateMutability": "nonpayable",
    "type": "function"
  },
  {
    "inputs": [],
    "name": "pause",
    "outputs": [],
    "stateMutability": "nonpayable",
    "type": "function"
  },
  {
    "inputs": [],
    "name": "paused",
    "outputs": [{ "internalType": "bool", "name": "", "type": "bool" }],
    "stateMutability": "view",
    "type": "function"
  },
  {
    "inputs": [{ "internalType": "uint8", "name": "", "type": "uint8" }],
    "name": "plans",
    "outputs": [
      {
        "internalType": "uint256",
        "name": "durationSeconds",
        "type": "uint256"
      },
      { "internalType": "uint256", "name": "interestBP", "type": "uint256" },
      { "internalType": "bool", "name": "exists", "type": "bool" }
    ],
    "stateMutability": "view",
    "type": "function"
  },
  {
    "inputs": [],
    "name": "priceDecimals",
    "outputs": [{ "internalType": "uint8", "name": "", "type": "uint8" }],
    "stateMutability": "view",
    "type": "function"
  },
  {
    "inputs": [],
    "name": "priceFeed",
    "outputs": [
      {
        "internalType": "contract IChainlinkAggregator",
        "name": "",
        "type": "address"
      }
    ],
    "stateMutability": "view",
    "type": "function"
  },
  {
    "inputs": [],
    "name": "priceMode",
    "outputs": [{ "internalType": "uint8", "name": "", "type": "uint8" }],
    "stateMutability": "view",
    "type": "function"
  },
  {
    "inputs": [
      { "internalType": "uint256", "name": "leaseId", "type": "uint256" }
    ],
    "name": "returnUSDT",
    "outputs": [],
    "stateMutability": "nonpayable",
    "type": "function"
  },
  {
    "inputs": [
      { "internalType": "uint256", "name": "p", "type": "uint256" },
      { "internalType": "uint8", "name": "d", "type": "uint8" }
    ],
    "name": "setFixedPrice",
    "outputs": [],
    "stateMutability": "nonpayable",
    "type": "function"
  },
  {
    "inputs": [
      { "internalType": "uint8", "name": "id", "type": "uint8" },
      { "internalType": "uint256", "name": "dur", "type": "uint256" },
      { "internalType": "uint256", "name": "rate", "type": "uint256" }
    ],
    "name": "setPlan",
    "outputs": [],
    "stateMutability": "nonpayable",
    "type": "function"
  },
  {
    "inputs": [
      { "internalType": "address", "name": "feed", "type": "address" },
      { "internalType": "uint8", "name": "mode", "type": "uint8" }
    ],
    "name": "setPriceFeed",
    "outputs": [],
    "stateMutability": "nonpayable",
    "type": "function"
  },
  {
    "inputs": [
      { "internalType": "uint256", "name": "amountBTX", "type": "uint256" },
      { "internalType": "uint8", "name": "planId", "type": "uint8" }
    ],
    "name": "startLease",
    "outputs": [{ "internalType": "uint256", "name": "", "type": "uint256" }],
    "stateMutability": "nonpayable",
    "type": "function"
  },
  {
    "inputs": [
      { "internalType": "address", "name": "newOwner", "type": "address" }
    ],
    "name": "transferOwnership",
    "outputs": [],
    "stateMutability": "nonpayable",
    "type": "function"
  },
  {
    "inputs": [],
    "name": "unpause",
    "outputs": [],
    "stateMutability": "nonpayable",
    "type": "function"
  },
  {
    "inputs": [],
    "name": "usdt",
    "outputs": [
      { "internalType": "contract IERC20", "name": "", "type": "address" }
    ],
    "stateMutability": "view",
    "type": "function"
  }
]
